,Unnamed: 0,hand,equity,Rank
0,0,AA,0.8489461309523809,1
1,1,KK,0.8194645833333334,2
2,2,QQ,0.7952205357142856,3
3,3,JJ,0.7693107142857143,4
4,4,TT,0.742494642857143,5
5,5,99,0.716345238095238,6
7,7,AKs,0.6636973214285714,8
9,9,AQs,0.6524747023809523,10
11,11,AKo,0.6413880952380953,12
15,15,KQs,0.6270797619047619,16
